{
  "position_weights": {
    "0,0": 0.020793321706526938,
    "0,1": -0.01708897909871774,
    "0,2": -0.026710771060023564,
    "0,3": 0.03611556290526059,
    "0,4": 0.028023627084925496,
    "0,5": 0.009177604804525858,
    "0,6": -0.05174737107045993,
    "0,7": 0.00975569923272018,
    "0,8": -0.015903689009053073,
    "0,9": 0.01742447550438813,
    "0,10": 6.743537222563337e-05,
    "0,11": 0.005975043286660452,
    "0,12": 0.020206478188800253,
    "0,13": 0.02595891627161226,
    "1,0": 0.006732376992885571,
    "1,1": -0.004195781531547732,
    "1,2": 0.02807572428490694,
    "1,3": 0.01956559423756064,
    "1,4": -0.07250591451689739,
    "1,5": -0.031062343127854882,
    "1,6": -0.03780417314475226,
    "1,7": -0.11917483835901943,
    "1,8": 0.020088372113452713,
    "1,9": 0.03426166287984565,
    "1,10": 0.04233036022661392,
    "1,11": -0.0020936591292484014,
    "1,12": -0.0038336220943911425,
    "1,13": -0.03438861082867052,
    "2,0": -0.00830143805459957,
    "2,1": 0.009874647939478027,
    "2,2": 0.005623236803770602,
    "2,3": 0.016818256256924836,
    "2,4": -0.0010633575030307187,
    "2,5": 0.054149427332859046,
    "2,6": -0.06182289877218905,
    "2,7": -0.05297141690852995,
    "2,8": -0.02715917613459058,
    "2,9": 0.0075330037774093694,
    "2,10": -0.025781317649591334,
    "2,11": -0.046353384330491715,
    "2,12": -0.052501963404448515,
    "2,13": 0.004841552084673521,
    "3,0": 0.03989112941133548,
    "3,1": 0.004174664297902624,
    "3,2": -0.0418210299657972,
    "3,3": -0.03676667157921676,
    "3,4": -0.06975184152184671,
    "3,5": -0.07854337585908742,
    "3,6": -0.05459168787134236,
    "3,7": -0.021804399494903162,
    "3,8": 0.014869802558370313,
    "3,9": -0.043754394813967826,
    "3,10": -0.04192727398888449,
    "3,11": -0.06708292759342854,
    "3,12": -0.09247512883263355,
    "3,13": -0.031427632975143185,
    "4,0": 0.0138705352091032,
    "4,1": -0.01672189246240414,
    "4,2": -0.024603754105354588,
    "4,3": -0.03502696551973813,
    "4,4": -0.034168616723197084,
    "4,5": 0.07581913710694718,
    "4,6": -0.030640909338807493,
    "4,7": 0.1582685997542819,
    "4,8": 0.11555927808185003,
    "4,9": 0.056843888274246246,
    "4,10": -0.015673792128907932,
    "4,11": -0.0139404863962657,
    "4,12": 0.10091961940362508,
    "4,13": -0.0191317780512674,
    "5,0": 0.014224420968058763,
    "5,1": -0.00693840369611972,
    "5,2": -0.06776099777197779,
    "5,3": 0.08769137153420253,
    "5,4": 0.1705387217375101,
    "5,5": 0.19153607700496442,
    "5,6": 0.2005898455989432,
    "5,7": 0.13023511824362077,
    "5,8": 0.09353126755548413,
    "5,9": 0.1754620180764697,
    "5,10": 0.06784987746101234,
    "5,11": -0.13498675510761246,
    "5,12": 0.1283256789891475,
    "5,13": -0.009066958794475957,
    "6,0": -0.005521057344910998,
    "6,1": 0.005774016836351092,
    "6,2": -0.03712718329298079,
    "6,3": 0.1624034956199679,
    "6,4": 0.10262637074827019,
    "6,5": 0.018869572522941927,
    "6,6": 0.06549960233974468,
    "6,7": 0.18788549202604787,
    "6,8": 0.2256385976725765,
    "6,9": 0.5722772718706227,
    "6,10": 0.23604187764148374,
    "6,11": 0.010904605515792469,
    "6,12": 0.07888642344699615,
    "6,13": 0.002940785515679941,
    "7,0": 0.05179101195279941,
    "7,1": -0.010750494679479378,
    "7,2": -0.0012264845772451266,
    "7,3": 0.12175253012683135,
    "7,4": 0.05018433056916702,
    "7,5": 0.15334302754229936,
    "7,6": 0.20854602618851226,
    "7,7": 0.2386606988182398,
    "7,8": 0.19459263141443559,
    "7,9": 0.17451223979039635,
    "7,10": 0.20683256411879486,
    "7,11": 0.07133523048154851,
    "7,12": 0.005331291957840684,
    "7,13": -0.03674243285742167,
    "8,0": 0.025368519553353786,
    "8,1": 0.056711022763218544,
    "8,2": -0.04005209022294141,
    "8,3": -0.10520672592843983,
    "8,4": 0.17985787494226996,
    "8,5": 0.21331154365526556,
    "8,6": 0.2887832312953376,
    "8,7": 0.16663093461413003,
    "8,8": 0.3756397090521385,
    "8,9": 0.25657756078218097,
    "8,10": 0.038398511601986735,
    "8,11": 0.19776857093512096,
    "8,12": -0.023883088181151313,
    "8,13": -0.002146028296677014,
    "9,0": 0.01587146207256607,
    "9,1": 0.021799366409833865,
    "9,2": -0.03980881224372444,
    "9,3": 0.0231379786082406,
    "9,4": 0.06797836114843689,
    "9,5": 0.056123509451787394,
    "9,6": 0.16382503239005794,
    "9,7": 0.09559351618280724,
    "9,8": 0.3985098233031933,
    "9,9": 0.13923453019566553,
    "9,10": 0.14563917894163858,
    "9,11": 0.14341109459483536,
    "9,12": 0.14049263204877002,
    "9,13": 0.055169129404750106,
    "10,0": -0.029878601962966253,
    "10,1": 0.017400306828556734,
    "10,2": -0.010504286008898679,
    "10,3": -0.051236685221296846,
    "10,4": 0.03644535002198994,
    "10,5": 0.09611124188815633,
    "10,6": 0.1246284772191857,
    "10,7": 0.04725975866396927,
    "10,8": 0.18662914538648634,
    "10,9": 0.13262339648467,
    "10,10": 0.13096323206149185,
    "10,11": 0.1255479441327844,
    "10,12": -0.0598496644497615,
    "10,13": 0.024978063053401993,
    "11,0": -0.018852431618250422,
    "11,1": -0.012975461498605376,
    "11,2": 0.043245399146320654,
    "11,3": 0.02248846759790046,
    "11,4": -0.016963131268176546,
    "11,5": 0.14215195049243173,
    "11,6": 0.0859220350516432,
    "11,7": 0.04365008304043219,
    "11,8": 0.19969469156982927,
    "11,9": 0.1057447420948299,
    "11,10": 0.09339787238161298,
    "11,11": 0.05523968031277039,
    "11,12": -0.03839161702826446,
    "11,13": 0.017903902519740875,
    "12,0": 0.008161504944964412,
    "12,1": 0.011471601820799305,
    "12,2": 0.01880573962523782,
    "12,3": -0.002546271859743904,
    "12,4": 0.025914452608816797,
    "12,5": 0.06707063380491046,
    "12,6": 0.004017338178441368,
    "12,7": 0.04870755570261065,
    "12,8": 0.05731249695461611,
    "12,9": 0.027847840303965508,
    "12,10": 0.004832718242759007,
    "12,11": -0.04244199024766963,
    "12,12": 0.021918263183865406,
    "12,13": -0.04569400480485091,
    "13,0": 0.003281730547744166,
    "13,1": 0.004999246826088252,
    "13,2": -0.03142015378443802,
    "13,3": -0.010191053124505224,
    "13,4": 0.015969234022798297,
    "13,5": 0.054408365579012366,
    "13,6": 0.007213760541630462,
    "13,7": 0.03232159071822299,
    "13,8": 0.03379358816828286,
    "13,9": 0.05465397705575378,
    "13,10": 0.007422711849645453,
    "13,11": -0.04478016799811263,
    "13,12": 0.018804647365496002,
    "13,13": 0.013471756544592386
  },
  "pattern_weights": {
    "line2": -0.24932908587872238,
    "line3": 2.2868548693268145,
    "line4": 2.133412330228817,
    "line5": 2.1314432398051504,
    "block": -0.22871182886579144,
    "corner": 0.12739684025416242,
    "center": 1.222165143009757,
    "open_line2": -0.1586852454676795,
    "open_line3": 2.3343476493656956,
    "open_line4": 2.104187526038203,
    "broken_line3": 1.7433749343967362,
    "broken_line4": 4.234711302940141
  },
  "threat_weights": {
    "immediate_win": 76.68393692017351,
    "block_immediate_win": 78.29686091022049,
    "double_threat": 16.2190382447441,
    "fork_threat": 16.52098154456352,
    "open_four": 29.012796134281515,
    "block_open_four": 29.038630713957037,
    "open_three": 8.495517892948216,
    "block_open_three": 10.79990144372561
  },
  "strategic_weights": {
    "center_control": 1.366723413398073,
    "line_extension": 0.6539461329749039,
    "defensive_block": 0.9104267729717674,
    "offensive_push": 1.551782273524149
  },