{
  "position_weights": {
    "0,0": -0.044663560428269265,
    "0,1": -0.028254054664225904,
    "0,2": -0.027263415560347466,
    "0,3": -0.023865524630790818,
    "0,4": -0.011334246556985502,
    "0,5": -0.015036834674188603,
    "0,6": -0.001343668512397582,
    "0,7": -0.017696016356423216,
    "0,8": -0.038484064087723396,
    "0,9": -0.005582976881878622,
    "0,10": -0.09406200350793267,
    "0,11": -0.04522159725826627,
    "0,12": -0.004154386434568856,
    "0,13": -0.0023967982255395787,
    "1,0": 0.0046017007303632805,
    "1,1": -0.03941879588693181,
    "1,2": -0.05902443254649571,
    "1,3": -0.031346713588436825,
    "1,4": -0.06748239787846806,
    "1,5": -0.04027723592129241,
    "1,6": -0.20096272827540437,
    "1,7": -0.17884241279753674,
    "1,8": -0.17687094091524352,
    "1,9": -0.15782375972444962,
    "1,10": -0.11033603427433028,
    "1,11": -0.04039360140886797,
    "1,12": -0.01703361404601975,
    "1,13": -0.04032836064438283,
    "2,0": -0.01613196013487636,
    "2,1": -0.07075800956055615,
    "2,2": -0.10341173369615532,
    "2,3": -0.14260610299693927,
    "2,4": -0.1056493453143819,
    "2,5": -0.1539656303591085,
    "2,6": -0.06609084556644801,
    "2,7": -0.10325340419801715,
    "2,8": 0.021195340313462173,
    "2,9": -0.010392757499952575,
    "2,10": -0.055926113797760024,
    "2,11": -0.040972881742868866,
    "2,12": -0.025835368768849332,
    "2,13": -0.03443202780462865,
    "3,0": -0.02313057534985679,
    "3,1": -0.0011691164619362683,
    "3,2": -0.029416747629450332,
    "3,3": -0.17033282035858327,
    "3,4": -0.22717869932671797,
    "3,5": -0.24712776728489785,
    "3,6": -0.004457237415812453,
    "3,7": 0.0400056529532766,
    "3,8": 0.03490837635560086,
    "3,9": -0.16528664066511864,
    "3,10": -0.38397857822502196,
    "3,11": -0.22139311961536484,
    "3,12": 0.06456694954602919,
    "3,13": -0.04248721621384639,
    "4,0": -0.04123349338991157,
    "4,1": -0.03946240666246992,
    "4,2": -0.14381339510847174,
    "4,3": 0.16681264454893233,
    "4,4": 0.18361040389942646,
    "4,5": -0.46011578290303967,
    "4,6": -0.07953168368319122,
    "4,7": 0.15218718555746794,
    "4,8": 0.47113536455345306,
    "4,9": 0.513375929383359,
    "4,10": -0.18747277017948333,
    "4,11": -0.09542056955925617,
    "4,12": 0.1250789171004973,
    "4,13": -0.058114486237935754,
    "5,0": -0.034617366057146534,
    "5,1": -0.02915889913102139,
    "5,2": -0.07845157971522891,
    "5,3": 0.2819929544033555,
    "5,4": 0.09810805547990702,
    "5,5": -0.028813324157094884,
    "5,6": -0.036937359772159395,
    "5,7": 0.42617368350521656,
    "5,8": -0.02248210969375355,
    "5,9": -0.2434131619241922,
    "5,10": 0.18965765744263574,
    "5,11": -0.5611171493957398,
    "5,12": -0.16607487621041883,
    "5,13": -0.2212757877447334,
    "6,0": 0.03452108548838222,
    "6,1": -0.012913592886570523,
    "6,2": -0.0922100098771677,
    "6,3": 0.18838035780827203,
    "6,4": 0.10440879057758674,
    "6,5": 0.45347203659847113,
    "6,6": 0.6875020996518981,
    "6,7": 0.3780372702307613,
    "6,8": 0.5728427217231942,
    "6,9": 0.777031351861298,
    "6,10": 0.5881775095636492,
    "6,11": 0.1476390703143793,
    "6,12": 0.10739377949950848,
    "6,13": -0.5001955489124756,
    "7,0": -0.015179429361585318,
    "7,1": -0.023422564411874066,
    "7,2": -0.09638845310663259,
    "7,3": -0.1203635690168058,
    "7,4": -0.02982906664287566,
    "7,5": 0.2654225474848093,
    "7,6": 0.6255367357334378,
    "7,7": 0.29809033233131893,
    "7,8": 0.601527032235012,
    "7,9": 0.7782276315497079,
    "7,10": 0.7360122573790459,
    "7,11": 0.40749070188415254,
    "7,12": 0.28668173611622766,
    "7,13": -0.29259313657707625,
    "8,0": -0.03182670867857925,
    "8,1": -0.005725028067192932,
    "8,2": 0.00949618569165243,
    "8,3": -0.05902212006945648,
    "8,4": -0.1331932706595608,
    "8,5": 0.21475261011031826,
    "8,6": 0.7797753771327176,
    "8,7": 0.49605201443403146,
    "8,8": 1.0251649758131762,
    "8,9": 1.0995942680802255,
    "8,10": 0.08638697601026099,
    "8,11": 0.9152305906822481,
    "8,12": -0.15576305434632134,
    "8,13": 0.09196896419316013,
    "9,0": 0.04230587014904766,
    "9,1": -0.014835233498900601,
    "9,2": -0.011705731509205636,
    "9,3": 0.15944700977843682,
    "9,4": -0.1910071265878902,
    "9,5": 0.9260923262409595,
    "9,6": 0.6140015153957571,
    "9,7": 0.8273985461028077,
    "9,8": 0.6599561637895656,
    "9,9": 1.0873502026601243,
    "9,10": 0.6072519707227128,
    "9,11": 1.102242833870551,
    "9,12": -0.3276337888830899,
    "9,13": -0.1346998625392413,
    "10,0": 0.021973978879238635,
    "10,1": 0.009462180706907197,
    "10,2": -0.0077217477935405884,
    "10,3": 0.23185957461417878,
    "10,4": 0.0016421686592026363,
    "10,5": -0.043657006348415656,
    "10,6": 0.03856568076729651,
    "10,7": 0.48919669666910737,
    "10,8": 0.7923951822549616,
    "10,9": 0.5266111511390044,
    "10,10": 0.564490429849972,
    "10,11": 1.3182215366200911,
    "10,12": -0.1344317397050673,
    "10,13": 0.05193046422221777,
    "11,0": -0.03914128273702259,
    "11,1": 0.018877269538029533,
    "11,2": -0.08365315804116713,
    "11,3": -0.009201444802698744,
    "11,4": 0.0781328732766392,
    "11,5": 0.19795508827819677,
    "11,6": 0.4358259502409134,
    "11,7": 0.22967110751562908,
    "11,8": -0.10039363485879108,
    "11,9": 0.34718406869581275,
    "11,10": 0.07231282004104517,
    "11,11": 0.3147275350521235,
    "11,12": -0.03890278199516174,
    "11,13": -0.037792513267975725,
    "12,0": 0.03173376882608571,
    "12,1": 0.04568809312869976,
    "12,2": 0.029878921094300057,
    "12,3": -0.07751368916518168,
    "12,4": -0.09588202289861679,
    "12,5": 0.2941015776794118,
    "12,6": 0.17606626829237537,
    "12,7": 0.025711214341125666,
    "12,8": 0.021340456041216097,
    "12,9": 0.08004024209560044,
    "12,10": 0.194784485134115,
    "12,11": -0.05854428751249782,
    "12,12": -0.03718850199933241,
    "12,13": -0.09896438814714556,
    "13,0": 0.03238367822454549,
    "13,1": 0.020468847261867935,
    "13,2": 0.001944471709023298,
    "13,3": 0.021228742606968925,
    "13,4": 0.0670869714034423,
    "13,5": -0.12320571350719296,
    "13,6": -0.013994516813096169,
    "13,7": 0.43870542387009454,
    "13,8": 0.23150865897534548,
    "13,9": -0.014989083429110157,
    "13,10": 0.055964516854143796,
    "13,11": 0.027947226194420277,
    "13,12": -0.045123922112563455,
    "13,13": 0.012343208809510474
  },
  "pattern_weights": {
    "line2": 0.05403601894484966,
    "line3": 1.2497809173970258,
    "line4": 3.2153138081590473,
    "line5": 3.8053556602649103,
    "block": -0.15443140794577967,
    "corner": -0.08603241614240567,
    "center": 5.003432553652754,
    "open_line2": 0.0749697103605712,
    "open_line3": 2.8860225360404,
    "open_line4": 4.245433234637252,
    "broken_line3": 2.934712309566475,
    "broken_line4": 3.5961714606851216
  },
  "threat_weights": {
    "immediate_win": 84.03415514204545,
    "block_immediate_win": 107.87281504580979,
    "double_threat": 15.420801458388945,
    "fork_threat": 15.121154163494364,
    "open_four": 36.04004176231731,
    "block_open_four": 39.04346038638145,
    "open_three": 8.407741494811077,
    "block_open_three": 20.433152878777314
  },
  "strategic_weights": {
    "center_control": 1.634209125266197,
    "line_extension": 1.2255397837821578,
    "defensive_block": 1.3495593635553609,
    "offensive_push": 0.9754452669208045
  },