{
  "position_weights": {
    "0,0": -0.10967006037603846,
    "0,1": -0.040015956779487695,
    "0,2": -0.0163771916656242,
    "0,3": -0.02241990450745193,
    "0,4": 0.0001661465166479803,
    "0,5": 0.028148457534231605,
    "0,6": 0.03665477946847748,
    "0,7": -0.012179717829527592,
    "0,8": 0.015090099891536375,
    "0,9": 0.041372111457218516,
    "0,10": -0.04142732130150224,
    "0,11": -0.007672550572165968,
    "0,12": -0.0388752425914538,
    "0,13": 0.04485296155744922,
    "1,0": -0.04450785252565506,
    "1,1": -0.02461508120095377,
    "1,2": -0.0324971299935341,
    "1,3": -0.028883388110124954,
    "1,4": -0.02867120578137801,
    "1,5": 0.0688408456598684,
    "1,6": 0.030420806660845283,
    "1,7": 0.013968767611960635,
    "1,8": -0.016000853859011975,
    "1,9": 0.013318158869720903,
    "1,10": -0.011593759094851042,
    "1,11": 0.030117476205603358,
    "1,12": 0.04570944585433799,
    "1,13": 0.021185149085374083,
    "2,0": -0.0353797859738078,
    "2,1": -0.036859416741317,
    "2,2": 0.006595515322763847,
    "2,3": 0.026536654176899974,
    "2,4": -0.07572062631893446,
    "2,5": -0.012326656432287149,
    "2,6": 0.032151874403984204,
    "2,7": -0.026537756863423807,
    "2,8": 0.0802033190317283,
    "2,9": -0.016618651467841326,
    "2,10": 0.019027585576427107,
    "2,11": -0.018531464003570544,
    "2,12": -0.040078998650512,
    "2,13": 0.0022622280065640807,
    "3,0": -0.021299300215233487,
    "3,1": 0.03822014597858868,
    "3,2": 0.014095441021683877,
    "3,3": 0.07162891868721476,
    "3,4": 0.02449607945511098,
    "3,5": 0.06668860032676337,
    "3,6": 0.22259570597602898,
    "3,7": 0.12205979313896634,
    "3,8": 0.015353747965415623,
    "3,9": 0.0132163411238789,
    "3,10": 0.002892417682900765,
    "3,11": 0.06652915806975908,
    "3,12": 0.047671118311467975,
    "3,13": -0.03624373739426478,
    "4,0": 0.02886109729171285,
    "4,1": 0.016892133686970644,
    "4,2": 0.06484211255447313,
    "4,3": 0.01535549819640012,
    "4,4": 0.41449193094375303,
    "4,5": 0.031089852657992346,
    "4,6": 0.07794754843648907,
    "4,7": 0.0625787218120092,
    "4,8": 0.024779722572125046,
    "4,9": 0.009112388764129363,
    "4,10": 0.029024561828158317,
    "4,11": 0.06738598848487448,
    "4,12": 0.06144306173619614,
    "4,13": 0.03252089416405976,
    "5,0": -0.01591912979311293,
    "5,1": 0.012778753109345162,
    "5,2": -0.04042590383828282,
    "5,3": 0.11401976565114995,
    "5,4": 0.0792136731029188,
    "5,5": 0.14091898156672505,
    "5,6": -0.013543709119017686,
    "5,7": 0.1364602038284169,
    "5,8": 0.05403406361266466,
    "5,9": 0.05581100990876326,
    "5,10": 0.03926757804562767,
    "5,11": 0.006736262986742264,
    "5,12": -0.0013208287393240842,
    "5,13": 0.02152200630683767,
    "6,0": 0.013732441003070445,
    "6,1": -0.013707240084974176,
    "6,2": -0.022557677892056694,
    "6,3": 0.16625879306962674,
    "6,4": 0.03733381831077914,
    "6,5": 0.27486481686414715,
    "6,6": 0.19833403016945,
    "6,7": 0.1171462888176597,
    "6,8": -0.016694243919264946,
    "6,9": 0.1225154974843284,
    "6,10": 0.09949782536302795,
    "6,11": 0.04549563233432028,
    "6,12": 0.02591771442965443,
    "6,13": -0.016031479900561703,
    "7,0": 0.00861127710010055,
    "7,1": -0.02288174087165175,
    "7,2": 0.07397985125953035,
    "7,3": 0.14820376325167098,
    "7,4": 0.21091478669860053,
    "7,5": 0.19239330756686612,
    "7,6": 0.2617953158633315,
    "7,7": 0.18580371452312355,
    "7,8": 0.010927752065837473,
    "7,9": 0.11127250255722157,
    "7,10": -0.043142010909408814,
    "7,11": 0.17174083037809662,
    "7,12": 0.029631692460877646,
    "7,13": 0.02725508455091844,
    "8,0": 0.041102165808761595,
    "8,1": 0.003332824931128856,
    "8,2": -0.0038644985331316717,
    "8,3": 0.038385737401360226,
    "8,4": -0.0061005712917455435,
    "8,5": 0.015542319654025971,
    "8,6": 0.060289326794284955,
    "8,7": 0.07025988706097797,
    "8,8": 0.16095844755637517,
    "8,9": 0.07564207837789677,
    "8,10": 0.06784852519383539,
    "8,11": 0.046298955731225444,
    "8,12": 0.06182558420753237,
    "8,13": 0.05570117893657553,
    "9,0": 0.05118206088435931,
    "9,1": -0.02627885727612827,
    "9,2": 0.0007866822863400284,
    "9,3": 0.07759335669424307,
    "9,4": 0.1465723575726894,
    "9,5": -0.02414226247582281,
    "9,6": 0.1199507669723947,
    "9,7": 0.07815180643066158,
    "9,8": 0.17173590342094056,
    "9,9": 0.017760622207764268,
    "9,10": 0.049630030142360775,
    "9,11": 0.08975273736222679,
    "9,12": -0.015668889119645278,
    "9,13": 0.06262856058630016,
    "10,0": 0.00032161491707127787,
    "10,1": 0.0395509016381415,
    "10,2": 0.03341208818290342,
    "10,3": 0.09493967488356873,
    "10,4": 0.0728773012241383,
    "10,5": 0.056310080369933936,
    "10,6": 0.055527317475547164,
    "10,7": 0.06871609588487824,
    "10,8": -0.024042824524930333,
    "10,9": 0.10957636997213827,
    "10,10": 0.06149980020155295,
    "10,11": 0.0618214805651533,
    "10,12": -0.014601157789360539,
    "10,13": 0.030977471867682627,
    "11,0": 0.013500447701577337,
    "11,1": 0.006826480996052486,
    "11,2": -0.03648016945179164,
    "11,3": 0.06257927631744972,
    "11,4": 0.016444439710118844,
    "11,5": 0.025932183011797297,
    "11,6": 0.010006306258215206,
    "11,7": 0.09604561953583843,
    "11,8": 0.04714166949082649,
    "11,9": -0.007954615028275887,
    "11,10": -0.003538649810401792,
    "11,11": -0.018434829782676902,
    "11,12": -0.030392151265158908,
    "11,13": -0.035910749054379666,
    "12,0": -0.0425316536601874,
    "12,1": -0.01864506927860419,
    "12,2": -0.04643165026570857,
    "12,3": -0.007478640218986275,
    "12,4": -0.009385751368176223,
    "12,5": 0.013493198787695788,
    "12,6": 0.03472514368683411,
    "12,7": 0.03656105150884794,
    "12,8": 0.05981154297261307,
    "12,9": 0.04002379328594131,
    "12,10": -0.015288441854692886,
    "12,11": 0.030828442754985835,
    "12,12": 0.006381764619777519,
    "12,13": 0.005199674711359327,
    "13,0": 0.033910758867201254,
    "13,1": 0.04551709917753448,
    "13,2": -0.03684892868906008,
    "13,3": 0.036337254975942895,
    "13,4": -0.030873618365747417,
    "13,5": 0.06570927331954898,
    "13,6": 0.07261068123267214,
    "13,7": 0.03370681458394535,
    "13,8": -0.018296527268689265,
    "13,9": 0.04798657761717402,
    "13,10": -0.036225433555136015,
    "13,11": -0.037038678559464105,
    "13,12": -0.008921369014292191,
    "13,13": -0.04718960302969849
  },
  "pattern_weights": {
    "line2": 0.08382240578334649,
    "line3": 1.595337908364773,
    "line4": 2.0856586004944333,
    "line5": 3.392882044155818,
    "block": 0.24133989133704742,
    "corner": 0.10526401046706763,
    "center": 0.5941079481450484,
    "open_line2": 0.19208783539034852,
    "open_line3": 2.590486981601236,
    "open_line4": 2.3709451724687165,
    "broken_line3": 2.0281772608740463,
    "broken_line4": 2.8688186584066955
  },
  "threat_weights": {
    "immediate_win": 65.59860621140061,
    "block_immediate_win": 66.7913689171219,
    "double_threat": 16.358781542684,
    "fork_threat": 17.42250544345434,
    "open_four": 33.779801768701134,
    "block_open_four": 39.415231316743075,
    "open_three": 8.087064743636327,
    "block_open_three": 8.730610292281261
  },
  "strategic_weights": {
    "center_control": 0.7215755999388185,
    "line_extension": 1.2508895029429428,
    "defensive_block": 1.2042313922924177,
    "offensive_push": 0.8897298312850586
  },